voucher_no,booking_date,supplier_gstin,supplier_name,invoice_no,invoice_date,place_of_supply,hsn,description,taxable_value,gst_rate,igst,cgst,sgst,invoice_total
PV/26-27/0241,05-08-2026,36AAPFM8841E1ZX,Metro Logistics,MLS/1119,05-08-2026,36,9965,Road freight (GTA),31500.00,5,0.00,787.50,787.50,33075.00
PV/26-27/0242,05-08-2026,27AAGCP5528G1ZA,Pune Precision Components Pvt Ltd,PPC/26-27/0372,02-08-2026,27,8483,Machined shafts and bushes,94500.00,18,17010.00,0.00,0.00,111510.00
PV/26-27/0243,05-08-2026,29AADCT2256K1Z1,Tungabhadra Motors Pvt Ltd,TMP/5524,02-08-2026,29,8501,Mixer-grinder motors,81000.00,18,14580.00,0.00,0.00,95580.00
PV/26-27/0244,06-08-2026,36AAFFH3390J1Z7,Hyderabad Rubber Works,HRW/247,05-08-2026,36,4016,Rubber gaskets and seals,23000.00,18,0.00,2070.00,2070.00,27140.00
PV/26-27/0245,07-08-2026,36AAKFC1914B1ZY,Charminar Fasteners,CFP/3318,05-08-2026,36,7318,"Screws, nuts and washers",72000.00,18,0.00,6480.00,6480.00,84960.00
PV/26-27/0246,07-08-2026,29AAHCK5512D1ZO,Kaveri Packaging Pvt Ltd,KPL/0617,04-08-2026,29,4819,Corrugated cartons,62000.00,18,11160.00,0.00,0.00,73160.00
PV/26-27/0247,07-08-2026,36ADSFS7710L1ZD,Sri Balaji Enterprises,SBE-2304,06-08-2026,36,7326,Sheet-metal cabinet parts,116000.00,18,0.00,10440.00,10440.00,136880.00
PV/26-27/0248,07-08-2026,36ABKFS2231Q1ZP,Sri Balaji Traders,SBT/2026/0107,05-08-2026,36,8536,"Switches, sockets and MCBs",72400.00,18,0.00,6516.00,6516.00,85432.00
PV/26-27/0249,09-08-2026,27ABAFS6604M1ZX,Sahyadri Foam Industries,SFI/562,09-08-2026,27,3921,PU foam inserts,64000.00,18,11520.00,0.00,0.00,75520.00
PV/26-27/0250,10-08-2026,37AACCG3309R1Z8,Godavari Steel Industries Ltd,142,08-08-2026,37,7209,CRCA steel sheets,310000.00,18,55800.00,0.00,0.00,365800.00
PV/26-27/0251,15-08-2026,36AAECD7305N1ZF,Deccan Copper Wires Pvt Ltd,DCW/2026/1187,14-08-2026,36,7408,Enamelled copper winding wire,215000.00,18,0.00,19350.00,19350.00,253700.00
PV/26-27/0252,15-08-2026,29AAJCN6620H1Z8,Nandi Electricals Pvt Ltd,NEL/7851,12-08-2026,29,8501,Fan motors and capacitors,150000.00,18,27000.00,0.00,0.00,177000.00
PV/26-27/0253,16-08-2026,36AAKFC1914B1ZY,Charminar Fasteners,CFP/3318,05-08-2026,36,7318,"Screws, nuts and washers",72000.00,18,0.00,6480.00,6480.00,84960.00
PV/26-27/0254,16-08-2026,36ABKFS2231Q1ZP,Sri Balaji Traders,SBT/2026/0112,13-08-2026,36,8536,"Switches, sockets and MCBs",48600.00,18,0.00,4374.00,4374.00,57348.00
PV/26-27/0255,17-08-2026,36AAKFC1914B1ZY,Charminar Fasteners,CFP/3312,15-08-2026,36,7318,"Screws, nuts and washers",71500.00,18,0.00,6435.00,6435.00,84370.00
PV/26-27/0256,17-08-2026,33AACCC9087F1ZM,Coromandel Plastics Pvt Ltd,CPL/4478,14-08-2026,33,3926,Injection-moulded housings,70000.00,18,12600.00,0.00,0.00,82600.00
PV/26-27/0257,17-08-2026,36AAECD7305N1ZF,Deccan Copper Wires Pvt Ltd,DCW/2026/1160,14-08-2026,36,7408,Enamelled copper winding wire,163500.00,18,0.00,14715.00,14715.00,192930.00
PV/26-27/0258,18-08-2026,29AADCT2256K1Z1,Tungabhadra Motors Pvt Ltd,TMP/5520,18-08-2026,29,8501,Mixer-grinder motors,120000.00,18,21600.00,0.00,0.00,141600.00
PV/26-27/0259,21-08-2026,33AACCC9087F1ZM,Coromandel Plastics Pvt Ltd,CPL/4471,21-08-2026,33,3926,Injection-moulded housings,84000.00,18,15120.00,0.00,0.00,99120.00
PV/26-27/0260,21-08-2026,29AAHCK5512D1ZO,Kaveri Packaging Pvt Ltd,KPL/0631,18-08-2026,29,4819,Corrugated cartons,60000.00,18,10800.00,0.00,0.00,70800.00
PV/26-27/0261,21-08-2026,36AAPFM8841E1ZX,Metro Logistics,MLS/1131,19-08-2026,36,9965,Road freight (GTA),40000.00,5,0.00,1000.00,1000.00,42000.00
PV/26-27/0262,24-08-2026,36ADSFS7710L1ZD,Sri Balaji Enterprises,SBE-2331,22-08-2026,36,7326,Sheet-metal cabinet parts,310000.00,18,0.00,27900.00,27900.00,365800.00
PV/26-27/0263,26-08-2026,36AAKFG7719P1ZM,Golconda IT Services LLP,GIS/26-27/079,25-08-2026,36,998313,IT support and AMC,38500.00,18,0.00,3465.00,3465.00,45430.00
PV/26-27/0264,26-08-2026,36ABKFS2231Q1ZP,Sri Balaji Traders,SBT/2026/0118,25-08-2026,36,8536,"Switches, sockets and MCBs",93000.00,18,0.00,8370.00,8370.00,109740.00
PV/26-27/0265,29-08-2026,29AADCT2256K1Z1,Tungabhadra Motors Pvt Ltd,TMP/5521,28-08-2026,29,8501,Mixer-grinder motors,102500.00,18,18450.00,0.00,0.00,120950.00
PV/26-27/0266,30-08-2026,37ABBFK4471C1ZJ,Krishna Polymers,KP/26-27/086,27-08-2026,37,3902,Polypropylene granules,107000.00,18,19260.00,0.00,0.00,126260.00
